line,10000,total,0.346521,total0,4.5972,false,0.0269333,over,0.346521,false0,0.357316,over0,4.5972,overaggr,0.341751,overcuckoo,0.00476989,over_ai,0.353954,over_ai,0.023925,over_ai,0.353954,over_ai,0.023925,countIP,1.99391e+07,countIP0,8.28823e+07,keysum,1.48078e+07,pktSum,2.05324e+08,aggrSum,5.06059e+06,blackkey_num,0,feedback,0,feedsumportion,0,finger0,9,finger,15,time,0
line,20000,total,0.144605,total0,0.868857,false,0.0427122,over,0.144605,false0,0.256636,over0,0.868857,overaggr,0.143551,overcuckoo,0.00105421,over_ai,0.129878,over_ai,0.274501,over_ai,0.129878,over_ai,0.274501,countIP,1.08842e+08,countIP0,1.77711e+08,keysum,9.5091e+07,pktSum,4.17028e+08,aggrSum,1.36504e+07,blackkey_num,0,feedback,0,feedsumportion,0,finger0,9,finger,15,time,0
line,40000,total,0.108444,total0,0.433549,false,0.0379164,over,0.108444,false0,0.151586,over0,0.433549,overaggr,0.107798,overcuckoo,0.000646606,over_ai,0.061161,over_ai,0.313121,over_ai,0.061161,over_ai,0.313121,countIP,2.74449e+08,countIP0,3.54944e+08,keysum,2.47598e+08,pktSum,9.55751e+08,aggrSum,2.66905e+07,blackkey_num,0,feedback,0,feedsumportion,0,finger0,9,finger,15,time,0
line,70000,total,0.0855374,total0,0.58266,false,0.0248212,over,0.0855374,false0,0.169076,over0,0.58266,overaggr,0.0845491,overcuckoo,0.000988349,over_ai,0.00775404,over_ai,0.0221647,over_ai,0.0455835,over_ai,0.258027,countIP,3.80172e+08,countIP0,5.54273e+08,keysum,3.50216e+08,pktSum,1.55711e+09,aggrSum,2.96104e+07,blackkey_num,6314938,feedback,179,feedsumportion,0.961456,finger0,9,finger,15,time,23002
line,99978,total,0.0631546,total0,0.471293,false,0.01835,over,0.0631546,false0,0.136937,over0,0.471293,overaggr,0.0622401,overcuckoo,0.000914544,over_ai,0.00434614,over_ai,0.0447071,over_ai,0.0330666,over_ai,0.163335,countIP,5.50776e+08,countIP0,7.62215e+08,keysum,5.18058e+08,pktSum,2.30105e+09,aggrSum,3.2244e+07,blackkey_num,20525808,feedback,171,feedsumportion,0.78366,finger0,9,finger,15,time,23349
line,100000,total,0.0628091,total0,0.468769,false,0.0183296,over,0.0628091,false0,0.136801,over0,0.468769,overaggr,0.0618996,overcuckoo,0.000909541,over_ai,0,over_ai,0.0447071,over_ai,0.0328318,over_ai,0.163335,countIP,5.53626e+08,countIP0,7.65094e+08,keysum,5.20908e+08,pktSum,2.30588e+09,aggrSum,3.2244e+07,blackkey_num,20525808,feedback,171,feedsumportion,0.78366,finger0,9,finger,15,time,23349
line,120000,total,0.0640507,total0,0.537767,false,0.0182094,over,0.0640507,false0,0.152886,over0,0.537767,overaggr,0.0631102,overcuckoo,0.000940509,over_ai,0.0144423,over_ai,0.675041,over_ai,0.0296773,over_ai,0.195249,countIP,6.54051e+08,countIP0,9.45236e+08,keysum,6.14681e+08,pktSum,2.77679e+09,aggrSum,3.87926e+07,blackkey_num,25500005,feedback,171,feedsumportion,0.78366,finger0,9,finger,15,time,23349
line,140000,total,0.0551922,total0,0.457891,false,0.01699,over,0.0551922,false0,0.140955,over0,0.457891,overaggr,0.0543642,overcuckoo,0.000827942,over_ai,0.00708671,over_ai,0.16594,over_ai,0.0244063,over_ai,0.164099,countIP,8.08945e+08,countIP0,1.11767e+09,keysum,7.66633e+08,pktSum,3.25704e+09,aggrSum,4.16774e+07,blackkey_num,37326278,feedback,171,feedsumportion,0.78366,finger0,9,finger,15,time,23349
line,160000,total,0.0575543,total0,0.551455,false,0.0159325,over,0.0575543,false0,0.152656,over0,0.551455,overaggr,0.0567234,overcuckoo,0.000830896,over_ai,0.0103976,over_ai,0.182119,over_ai,0.0250203,over_ai,0.169593,countIP,8.43029e+08,countIP0,1.23674e+09,keysum,7.97149e+08,pktSum,3.67677e+09,aggrSum,4.5217e+07,blackkey_num,38742040,feedback,172,feedsumportion,0.913506,finger0,9,finger,15,time,23463
line,200000,total,0.0486829,total0,0.47622,false,0.0141836,over,0.0486829,false0,0.138745,over0,0.47622,overaggr,0.0478597,overcuckoo,0.000823278,over_ai,0.00811086,over_ai,0.129256,over_ai,0.0204315,over_ai,0.146799,countIP,1.09021e+09,countIP0,1.53467e+09,keysum,1.0396e+09,pktSum,4.60786e+09,aggrSum,4.97548e+07,blackkey_num,55856631,feedback,172,feedsumportion,0.913506,finger0,9,finger,15,time,23463
line,230000,total,0.0429977,total0,0.463011,false,0.013437,over,0.0429977,false0,0.144693,over0,0.463011,overaggr,0.042222,overcuckoo,0.000775732,over_ai,0.00674694,over_ai,0.132808,over_ai,0.016978,over_ai,0.147048,countIP,1.33672e+09,countIP0,1.87502e+09,keysum,1.28162e+09,pktSum,5.38274e+09,aggrSum,5.41124e+07,blackkey_num,69441342,feedback,172,feedsumportion,0.841928,finger0,9,finger,15,time,23493
line,250000,total,0.0457012,total0,0.472923,false,0.0133738,over,0.0457012,false0,0.138394,over0,0.472923,overaggr,0.0449262,overcuckoo,0.000774998,over_ai,0.00673462,over_ai,0.13955,over_ai,0.0169348,over_ai,0.149528,countIP,1.3739e+09,countIP0,1.93521e+09,keysum,1.31386e+09,pktSum,5.80361e+09,aggrSum,5.90268e+07,blackkey_num,70357356,feedback,171,feedsumportion,0.910525,finger0,9,finger,15,time,23909
line,270000,total,0.0429119,total0,0.492669,false,0.012693,over,0.0429119,false0,0.145727,over0,0.492669,overaggr,0.0421706,overcuckoo,0.000741251,over_ai,0.00659771,over_ai,0.138689,over_ai,0.0158335,over_ai,0.148779,countIP,1.49566e+09,countIP0,2.14067e+09,keysum,1.43412e+09,pktSum,6.28254e+09,aggrSum,6.04779e+07,blackkey_num,77470108,feedback,171,feedsumportion,0.910525,finger0,9,finger,15,time,23909
line,280000,total,0.0415855,total0,0.458128,false,0.0130196,over,0.0415855,false0,0.143431,over0,0.458128,overaggr,0.0408843,overcuckoo,0.000701237,over_ai,0.00611346,over_ai,0.143116,over_ai,0.0146755,over_ai,0.150951,countIP,1.628e+09,countIP0,2.27906e+09,keysum,1.563e+09,pktSum,6.55534e+09,aggrSum,6.39022e+07,blackkey_num,80370209,feedback,171,feedsumportion,0.910525,finger0,9,finger,15,time,23909
line,299070,total,0.0456564,total0,0.466392,false,0.013578,over,0.0456564,false0,0.138703,over0,0.466392,overaggr,0.0449521,overcuckoo,0.000704281,over_ai,0.00613319,over_ai,0.159294,over_ai,0.0146889,over_ai,0.160725,countIP,1.66462e+09,countIP0,2.33441e+09,keysum,1.59194e+09,pktSum,6.94487e+09,aggrSum,7.15611e+07,blackkey_num,83739312,feedback,171,feedsumportion,0.910525,finger0,9,finger,15,time,23909
line,300000,total,0.0456572,total0,0.466509,false,0.0135343,over,0.0456572,false0,0.138289,over0,0.466509,overaggr,0.0449448,overcuckoo,0.00071241,over_ai,0.00613182,over_ai,0.159291,over_ai,0.0146867,over_ai,0.160722,countIP,1.66491e+09,countIP0,2.33499e+09,keysum,1.59221e+09,pktSum,6.96343e+09,aggrSum,7.15615e+07,blackkey_num,83739312,feedback,162,feedsumportion,0.930523,finger0,9,finger,15,time,24052
line,310000,total,0.044525,total0,0.492444,false,0.0132561,over,0.044525,false0,0.146611,over0,0.492444,overaggr,0.0438299,overcuckoo,0.000695117,over_ai,0.0067112,over_ai,0.159321,over_ai,0.0146936,over_ai,0.160741,countIP,1.72679e+09,countIP0,2.46728e+09,keysum,1.65318e+09,pktSum,7.20595e+09,aggrSum,7.24587e+07,blackkey_num,84285892,feedback,162,feedsumportion,0.930523,finger0,9,finger,15,time,24052
line,350000,total,0.0451375,total0,0.467726,false,0.0133306,over,0.0451375,false0,0.138135,over0,0.467726,overaggr,0.0444224,overcuckoo,0.000715166,over_ai,0.01021,over_ai,0.143243,over_ai,0.0164798,over_ai,0.149258,countIP,1.93566e+09,countIP0,2.71832e+09,keysum,1.85206e+09,pktSum,8.12315e+09,aggrSum,8.22729e+07,blackkey_num,97939373,feedback,167,feedsumportion,0.923132,finger0,9,finger,15,time,24682
line,350518,total,0.0451358,total0,0.467732,false,0.0133274,over,0.0451358,false0,0.138109,over0,0.467732,overaggr,0.0444207,overcuckoo,0.00071514,over_ai,0.0102093,over_ai,0.143243,over_ai,0.016479,over_ai,0.149258,countIP,1.93573e+09,countIP0,2.71843e+09,keysum,1.85213e+09,pktSum,8.12472e+09,aggrSum,8.22729e+07,blackkey_num,97939373,feedback,167,feedsumportion,0.923132,finger0,9,finger,15,time,24682
line,410000,total,0.0461295,total0,0.481125,false,0.0137524,over,0.0461295,false0,0.143436,over0,0.481125,overaggr,0.0453882,overcuckoo,0.000741255,over_ai,0.00993998,over_ai,0.158831,over_ai,0.0152716,over_ai,0.159988,countIP,2.29746e+09,countIP0,3.25278e+09,keysum,2.19616e+09,pktSum,9.5627e+09,aggrSum,9.96796e+07,blackkey_num,110561972,feedback,173,feedsumportion,0.943216,finger0,9,finger,15,time,24195
line,430000,total,0.0459274,total0,0.464433,false,0.0137442,over,0.0459274,false0,0.138985,over0,0.464433,overaggr,0.0451633,overcuckoo,0.000764102,over_ai,0.00956716,over_ai,0.165695,over_ai,0.0146261,over_ai,0.165123,countIP,2.44358e+09,countIP0,3.42133e+09,keysum,2.33628e+09,pktSum,1.01432e+10,aggrSum,1.05514e+08,blackkey_num,119356366,feedback,173,feedsumportion,0.943216,finger0,9,finger,15,time,24195
line,440000,total,0.0457182,total0,0.467997,false,0.0134574,over,0.0457182,false0,0.137757,over0,0.467997,overaggr,0.0449418,overcuckoo,0.000776391,over_ai,0.00958197,over_ai,0.15993,over_ai,0.0146377,over_ai,0.160759,countIP,2.45775e+09,countIP0,3.45023e+09,keysum,2.3503e+09,pktSum,1.03349e+10,aggrSum,1.05627e+08,blackkey_num,119394753,feedback,173,feedsumportion,0.943216,finger0,9,finger,15,time,24195
line,445266,total,0.0453977,total0,0.468005,false,0.0133899,over,0.0453977,false0,0.138036,over0,0.468005,overaggr,0.044627,overcuckoo,0.000770748,over_ai,0.00958382,over_ai,0.151,over_ai,0.0146391,over_ai,0.153828,countIP,2.48313e+09,countIP0,3.48694e+09,keysum,2.37529e+09,pktSum,1.04286e+10,aggrSum,1.06014e+08,blackkey_num,120162057,feedback,173,feedsumportion,0.943216,finger0,9,finger,15,time,24195
line,470000,total,0.043635,total0,0.469416,false,0.0131871,over,0.043635,false0,0.141864,over0,0.469416,overaggr,0.0428642,overcuckoo,0.000770766,over_ai,0.00955074,over_ai,0.147093,over_ai,0.0142344,over_ai,0.150648,countIP,2.66081e+09,countIP0,3.74636e+09,keysum,2.54956e+09,pktSum,1.09858e+10,aggrSum,1.09285e+08,blackkey_num,129151557,feedback,159,feedsumportion,0.900526,finger0,9,finger,15,time,23507
line,480000,total,0.0436135,total0,0.457612,false,0.0132082,over,0.0436135,false0,0.138587,over0,0.457612,overaggr,0.0428373,overcuckoo,0.00077628,over_ai,0.00925003,over_ai,0.148112,over_ai,0.0138546,over_ai,0.151329,countIP,2.7443e+09,countIP0,3.83296e+09,keysum,2.62961e+09,pktSum,1.13126e+10,aggrSum,1.12645e+08,blackkey_num,129986720,feedback,159,feedsumportion,0.900526,finger0,9,finger,15,time,23507
line,490000,total,0.0436303,total0,0.45915,false,0.0130959,over,0.0436303,false0,0.137817,over0,0.45915,overaggr,0.0428084,overcuckoo,0.000821877,over_ai,0.00925318,over_ai,0.141637,over_ai,0.0138572,over_ai,0.145983,countIP,2.77577e+09,countIP0,3.88094e+09,keysum,2.65973e+09,pktSum,1.15209e+10,aggrSum,1.13859e+08,blackkey_num,130804575,feedback,159,feedsumportion,0.900526,finger0,9,finger,15,time,23507
line,542223,total,0.0411951,total0,0.455856,false,0.0123298,over,0.0411951,false0,0.136438,over0,0.455856,overaggr,0.0404053,overcuckoo,0.000789784,over_ai,0.00879666,over_ai,0.132445,over_ai,0.0130407,over_ai,0.138045,countIP,3.0532e+09,countIP0,4.26915e+09,keysum,2.9324e+09,pktSum,1.27299e+10,aggrSum,1.18486e+08,blackkey_num,143076572,feedback,168,feedsumportion,0.872209,finger0,9,finger,15,time,23895
line,550000,total,0.0412544,total0,0.454881,false,0.012306,over,0.0412544,false0,0.135689,over0,0.454881,overaggr,0.0404578,overcuckoo,0.000796568,over_ai,0.00894644,over_ai,0.130639,over_ai,0.013153,over_ai,0.136463,countIP,3.07113e+09,countIP0,4.2911e+09,keysum,2.94945e+09,pktSum,1.28371e+10,aggrSum,1.19328e+08,blackkey_num,145017435,feedback,170,feedsumportion,0.850851,finger0,9,finger,15,time,24321
line,560000,total,0.0406853,total0,0.463614,false,0.0122394,over,0.0406853,false0,0.139469,over0,0.463614,overaggr,0.0399059,overcuckoo,0.00077942,over_ai,0.00936566,over_ai,0.130658,over_ai,0.0133577,over_ai,0.136478,countIP,3.1518e+09,countIP0,4.43267e+09,keysum,3.02858e+09,pktSum,1.3096e+10,aggrSum,1.20858e+08,blackkey_num,151694154,feedback,170,feedsumportion,0.850851,finger0,9,finger,15,time,24321
line,590000,total,0.0392695,total0,0.448562,false,0.0118473,over,0.0392695,false0,0.135327,over0,0.448562,overaggr,0.0384862,overcuckoo,0.000783306,over_ai,0.0089064,over_ai,0.124807,over_ai,0.0127536,over_ai,0.131225,countIP,3.33744e+09,countIP0,4.65181e+09,keysum,3.21133e+09,pktSum,1.38557e+10,aggrSum,1.23592e+08,blackkey_num,154682954,feedback,170,feedsumportion,0.850851,finger0,9,finger,15,time,24321
line,600000,total,0.0391032,total0,0.470477,false,0.0117255,over,0.0391032,false0,0.141078,over0,0.470477,overaggr,0.0383219,overcuckoo,0.000781257,over_ai,0.00902524,over_ai,0.12092,over_ai,0.0128309,over_ai,0.127758,countIP,3.37589e+09,countIP0,4.77735e+09,keysum,3.24885e+09,pktSum,1.40834e+10,aggrSum,1.24502e+08,blackkey_num,156832878,feedback,161,feedsumportion,0.858445,finger0,9,finger,15,time,24049
line,620000,total,0.0372842,total0,0.450159,false,0.0115044,over,0.0372842,false0,0.138901,over0,0.450159,overaggr,0.0365288,overcuckoo,0.000755396,over_ai,0.00883176,over_ai,0.119773,over_ai,0.0123998,over_ai,0.126732,countIP,3.57256e+09,countIP0,4.99456e+09,keysum,3.44415e+09,pktSum,1.46062e+10,aggrSum,1.25811e+08,blackkey_num,163110967,feedback,161,feedsumportion,0.858445,finger0,9,finger,15,time,24049
line,640000,total,0.0382111,total0,0.454489,false,0.0115346,over,0.0382111,false0,0.137194,over0,0.454489,overaggr,0.0374245,overcuckoo,0.000786591,over_ai,0.00887992,over_ai,0.120003,over_ai,0.0124408,over_ai,0.126608,countIP,3.61303e+09,countIP0,5.0617e+09,keysum,3.48005e+09,pktSum,1.50086e+10,aggrSum,1.30239e+08,blackkey_num,165891445,feedback,161,feedsumportion,0.858445,finger0,9,finger,15,time,24049
line,640055,total,0.0382111,total0,0.454489,false,0.0115346,over,0.0382111,false0,0.137194,over0,0.454489,overaggr,0.0374245,overcuckoo,0.000786591,over_ai,0.00887992,over_ai,0.120003,over_ai,0.0124408,over_ai,0.126608,countIP,3.61303e+09,countIP0,5.0617e+09,keysum,3.48005e+09,pktSum,1.50086e+10,aggrSum,1.30239e+08,blackkey_num,165891445,feedback,161,feedsumportion,0.858445,finger0,9,finger,15,time,24049
line,650000,total,0.0380465,total0,0.47357,false,0.0114453,over,0.0380465,false0,0.142461,over0,0.47357,overaggr,0.0372608,overcuckoo,0.000785667,over_ai,0.0089284,over_ai,0.117165,over_ai,0.0124604,over_ai,0.124017,countIP,3.65174e+09,countIP0,5.18386e+09,keysum,3.5179e+09,pktSum,1.52121e+10,aggrSum,1.3108e+08,blackkey_num,167903752,feedback,166,feedsumportion,0.884606,finger0,9,finger,15,time,23546
line,682864,total,0.0378652,total0,0.454819,false,0.0114733,over,0.0378652,false0,0.137811,over0,0.454819,overaggr,0.0370935,overcuckoo,0.000771604,over_ai,0.00882444,over_ai,0.121527,over_ai,0.0121345,over_ai,0.127532,countIP,3.88063e+09,countIP0,5.43963e+09,keysum,3.73905e+09,pktSum,1.6079e+10,aggrSum,1.38694e+08,blackkey_num,176578008,feedback,166,feedsumportion,0.884606,finger0,9,finger,15,time,23546
line,690000,total,0.0377685,total0,0.46338,false,0.0114155,over,0.0377685,false0,0.140056,over0,0.46338,overaggr,0.036998,overcuckoo,0.000770584,over_ai,0.00882761,over_ai,0.11883,over_ai,0.0121373,over_ai,0.125079,countIP,3.90017e+09,countIP0,5.49971e+09,keysum,3.75823e+09,pktSum,1.61925e+10,aggrSum,1.39047e+08,blackkey_num,176917779,feedback,166,feedsumportion,0.884606,finger0,9,finger,15,time,23546
line,740000,total,0.0381033,total0,0.463745,false,0.0115653,over,0.0381033,false0,0.140758,over0,0.463745,overaggr,0.0373059,overcuckoo,0.000797387,over_ai,0.00851543,over_ai,0.122692,over_ai,0.0116308,over_ai,0.127977,countIP,4.20162e+09,countIP0,5.92436e+09,keysum,4.0474e+09,pktSum,1.7382e+10,aggrSum,1.50992e+08,blackkey_num,188912580,feedback,172,feedsumportion,0.909885,finger0,9,finger,15,time,25083
line,760000,total,0.0375183,total0,0.470719,false,0.0113134,over,0.0375183,false0,0.141943,over0,0.470719,overaggr,0.0367227,overcuckoo,0.000795562,over_ai,0.00855164,over_ai,0.122296,over_ai,0.0115797,over_ai,0.127611,countIP,4.29171e+09,countIP0,6.08365e+09,keysum,4.13652e+09,pktSum,1.78543e+10,aggrSum,1.51904e+08,blackkey_num,196605874,feedback,164,feedsumportion,0.920793,finger0,9,finger,15,time,24734
line,770000,total,0.0366896,total0,0.45937,false,0.0112222,over,0.0366896,false0,0.140506,over0,0.45937,overaggr,0.0359124,overcuckoo,0.000777189,over_ai,0.00824286,over_ai,0.121688,over_ai,0.0112022,over_ai,0.126999,countIP,4.42372e+09,countIP0,6.22736e+09,keysum,4.26716e+09,pktSum,1.82182e+10,aggrSum,1.53244e+08,blackkey_num,198908369,feedback,164,feedsumportion,0.920793,finger0,9,finger,15,time,24734
line,787936,total,0.0378359,total0,0.466661,false,0.0114256,over,0.0378359,false0,0.140922,over0,0.466661,overaggr,0.0370486,overcuckoo,0.00078728,over_ai,0.00826069,over_ai,0.124186,over_ai,0.0112179,over_ai,0.129004,countIP,4.46218e+09,countIP0,6.30592e+09,keysum,4.29951e+09,pktSum,1.85373e+10,aggrSum,1.59459e+08,blackkey_num,199841814,feedback,164,feedsumportion,0.920793,finger0,9,finger,15,time,24734
line,790000,total,0.0379473,total0,0.465656,false,0.0114769,over,0.0379473,false0,0.140835,over0,0.465656,overaggr,0.0371615,overcuckoo,0.000785764,over_ai,0.00826078,over_ai,0.123745,over_ai,0.011218,over_ai,0.128562,countIP,4.47301e+09,countIP0,6.31621e+09,keysum,4.30948e+09,pktSum,1.85584e+10,aggrSum,1.60147e+08,blackkey_num,200427965,feedback,164,feedsumportion,0.920793,finger0,9,finger,15,time,24734
line,810000,total,0.0374651,total0,0.474276,false,0.011312,over,0.0374651,false0,0.143201,over0,0.474276,overaggr,0.0366927,overcuckoo,0.000772454,over_ai,0.00839062,over_ai,0.122998,over_ai,0.0112607,over_ai,0.127865,countIP,4.56433e+09,countIP0,6.48607e+09,keysum,4.3995e+09,pktSum,1.89705e+10,aggrSum,1.61429e+08,blackkey_num,207105590,feedback,178,feedsumportion,0.894116,finger0,9,finger,15,time,24511
line,857701,total,0.0381517,total0,0.480631,false,0.0115408,over,0.0381517,false0,0.145389,over0,0.480631,overaggr,0.0373539,overcuckoo,0.00079779,over_ai,0.0084603,over_ai,0.126978,over_ai,0.0111659,over_ai,0.131098,countIP,4.83276e+09,countIP0,6.89257e+09,keysum,4.65516e+09,pktSum,2.00443e+10,aggrSum,1.73893e+08,blackkey_num,225808660,feedback,168,feedsumportion,0.932995,finger0,9,finger,15,time,25080
line,860000,total,0.0381202,total0,0.480216,false,0.0115096,over,0.0381202,false0,0.144991,over0,0.480216,overaggr,0.0373233,overcuckoo,0.000796985,over_ai,0.00846583,over_ai,0.126864,over_ai,0.0111668,over_ai,0.130993,countIP,4.8395e+09,countIP0,6.90045e+09,keysum,4.66179e+09,pktSum,2.01018e+10,aggrSum,1.73993e+08,blackkey_num,225937571,feedback,168,feedsumportion,0.932995,finger0,9,finger,15,time,25080
line,870000,total,0.0383736,total0,0.469442,false,0.0118192,over,0.0383736,false0,0.144589,over0,0.469442,overaggr,0.0375873,overcuckoo,0.000786312,over_ai,0.00821257,over_ai,0.13058,over_ai,0.0108586,over_ai,0.1342,countIP,4.98015e+09,countIP0,7.0476e+09,keysum,4.79611e+09,pktSum,2.03678e+10,aggrSum,1.80273e+08,blackkey_num,231392860,feedback,168,feedsumportion,0.932995,finger0,9,finger,15,time,25080
line,880000,total,0.0382844,total0,0.469068,false,0.0116831,over,0.0382844,false0,0.143143,over0,0.469068,overaggr,0.0374635,overcuckoo,0.000820853,over_ai,0.00820634,over_ai,0.12892,over_ai,0.0108492,over_ai,0.132678,countIP,5.00069e+09,countIP0,7.07547e+09,keysum,4.8163e+09,pktSum,2.05989e+10,aggrSum,1.80435e+08,blackkey_num,231517515,feedback,168,feedsumportion,0.932995,finger0,9,finger,15,time,25080
line,890000,total,0.0382828,total0,0.473953,false,0.0116076,over,0.0382828,false0,0.143706,over0,0.473953,overaggr,0.0374601,overcuckoo,0.000822641,over_ai,0.0082134,over_ai,0.126856,over_ai,0.0108555,over_ai,0.130767,countIP,5.02356e+09,countIP0,7.13148e+09,keysum,4.83834e+09,pktSum,2.07955e+10,aggrSum,1.81245e+08,blackkey_num,233532185,feedback,168,feedsumportion,0.932995,finger0,9,finger,15,time,25080
line,920000,total,0.0380035,total0,0.468409,false,0.0117634,over,0.0380035,false0,0.144989,over0,0.468409,overaggr,0.0372051,overcuckoo,0.000798322,over_ai,0.0080734,over_ai,0.127194,over_ai,0.0106011,over_ai,0.130908,countIP,5.27254e+09,countIP0,7.45879e+09,keysum,5.07951e+09,pktSum,2.14896e+10,aggrSum,1.88984e+08,blackkey_num,242884637,feedback,173,feedsumportion,0.909946,finger0,9,finger,15,time,25300
line,944015,total,0.0379215,total0,0.477205,false,0.0115191,over,0.0379215,false0,0.144957,over0,0.477205,overaggr,0.0371201,overcuckoo,0.000801437,over_ai,0.00805662,over_ai,0.124214,over_ai,0.010577,over_ai,0.128123,countIP,5.32443e+09,countIP0,7.57791e+09,keysum,5.1299e+09,pktSum,2.20178e+10,aggrSum,1.90423e+08,blackkey_num,244590509,feedback,158,feedsumportion,0.916576,finger0,9,finger,15,time,24037
line,950000,total,0.0379187,total0,0.488685,false,0.0114476,over,0.0379187,false0,0.147533,over0,0.488685,overaggr,0.0371163,overcuckoo,0.000802424,over_ai,0.00810657,over_ai,0.124215,over_ai,0.0106178,over_ai,0.128123,countIP,5.3312e+09,countIP0,7.64653e+09,keysum,5.13643e+09,pktSum,2.21503e+10,aggrSum,1.90645e+08,blackkey_num,245809243,feedback,158,feedsumportion,0.916576,finger0,9,finger,15,time,24037
line,960000,total,0.037485,total0,0.484124,false,0.0113844,over,0.037485,false0,0.147031,over0,0.484124,overaggr,0.0366909,overcuckoo,0.000794053,over_ai,0.00806637,over_ai,0.123731,over_ai,0.0105386,over_ai,0.127672,countIP,5.40568e+09,countIP0,7.73283e+09,keysum,5.21037e+09,pktSum,2.23663e+10,aggrSum,1.91173e+08,blackkey_num,253914451,feedback,158,feedsumportion,0.916576,finger0,9,finger,15,time,24037
line,990000,total,0.0375413,total0,0.480571,false,0.0114152,over,0.0375413,false0,0.146127,over0,0.480571,overaggr,0.036746,overcuckoo,0.000795227,over_ai,0.00787017,over_ai,0.123636,over_ai,0.0102906,over_ai,0.127417,countIP,5.58403e+09,countIP0,7.96841e+09,keysum,5.38199e+09,pktSum,2.30818e+10,aggrSum,1.97767e+08,blackkey_num,258738497,feedback,158,feedsumportion,0.916576,finger0,9,finger,15,time,24037
line,995420,total,0.0375253,total0,0.491509,false,0.0113486,over,0.0375253,false0,0.148644,over0,0.491509,overaggr,0.0367299,overcuckoo,0.000795364,over_ai,0.00790087,over_ai,0.123639,over_ai,0.0103143,over_ai,0.12742,countIP,5.5912e+09,countIP0,8.03771e+09,keysum,5.38898e+09,pktSum,2.32082e+10,aggrSum,1.97937e+08,blackkey_num,259182476,feedback,160,feedsumportion,0.895015,finger0,9,finger,15,time,24484
line,1010000,total,0.0370614,total0,0.486269,false,0.0112567,over,0.0370614,false0,0.147696,over0,0.486269,overaggr,0.0362746,overcuckoo,0.000786766,over_ai,0.00788658,over_ai,0.12276,over_ai,0.0102573,over_ai,0.126596,countIP,5.67797e+09,countIP0,8.13741e+09,keysum,5.47506e+09,pktSum,2.3501e+10,aggrSum,1.98606e+08,blackkey_num,265216780,feedback,160,feedsumportion,0.895015,finger0,9,finger,15,time,24484
line,1070000,total,0.03801,total0,0.487811,false,0.0115302,over,0.03801,false0,0.147976,over0,0.487811,overaggr,0.0371898,overcuckoo,0.000820171,over_ai,0.00786446,over_ai,0.12555,over_ai,0.0101194,over_ai,0.12887,countIP,5.99908e+09,countIP0,8.59867e+09,keysum,5.77941e+09,pktSum,2.48316e+10,aggrSum,2.14935e+08,blackkey_num,279877896,feedback,162,feedsumportion,0.918195,finger0,9,finger,15,time,24421
line,1080000,total,0.0373409,total0,0.479199,false,0.0116077,over,0.0373409,false0,0.148963,over0,0.479199,overaggr,0.0365393,overcuckoo,0.000801638,over_ai,0.00760482,over_ai,0.125363,over_ai,0.00980241,over_ai,0.12864,countIP,6.1863e+09,countIP0,8.82137e+09,keysum,5.96361e+09,pktSum,2.5148e+10,aggrSum,2.17906e+08,blackkey_num,281245271,feedback,162,feedsumportion,0.918195,finger0,9,finger,15,time,24421
line,1081036,total,0.0373386,total0,0.47936,false,0.0116045,over,0.0373386,false0,0.14898,over0,0.47936,overaggr,0.0365369,overcuckoo,0.00080169,over_ai,0.007605,over_ai,0.125307,over_ai,0.00980253,over_ai,0.128587,countIP,6.18694e+09,countIP0,8.82327e+09,keysum,5.96424e+09,pktSum,2.51549e+10,aggrSum,2.17915e+08,blackkey_num,281245271,feedback,162,feedsumportion,0.918195,finger0,9,finger,15,time,24421
line,1110000,total,0.0373713,total0,0.484673,false,0.0114766,over,0.0373713,false0,0.148841,over0,0.484673,overaggr,0.0365762,overcuckoo,0.000795119,over_ai,0.00769937,over_ai,0.124998,over_ai,0.00984963,over_ai,0.128232,countIP,6.30829e+09,countIP0,9.02835e+09,keysum,6.08104e+09,pktSum,2.58828e+10,aggrSum,2.22421e+08,blackkey_num,288995690,feedback,166,feedsumportion,0.921069,finger0,9,finger,15,time,26927
line,1120000,total,0.0372052,total0,0.483394,false,0.0114178,over,0.0372052,false0,0.148347,over0,0.483394,overaggr,0.0364031,overcuckoo,0.000802115,over_ai,0.00770542,over_ai,0.123117,over_ai,0.00985202,over_ai,0.126459,countIP,6.34879e+09,countIP0,9.07993e+09,keysum,6.12105e+09,pktSum,2.60667e+10,aggrSum,2.22825e+08,blackkey_num,289238360,feedback,166,feedsumportion,0.921069,finger0,9,finger,15,time,26927
line,1130000,total,0.0364395,total0,0.478582,false,0.0113859,over,0.0364395,false0,0.149538,over0,0.478582,overaggr,0.0356524,overcuckoo,0.000787169,over_ai,0.00750282,over_ai,0.121449,over_ai,0.00960879,over_ai,0.12487,countIP,6.50344e+09,countIP0,9.27779e+09,keysum,6.27479e+09,pktSum,2.63567e+10,aggrSum,2.23711e+08,blackkey_num,290803152,feedback,166,feedsumportion,0.921069,finger0,9,finger,15,time,26927
line,1140000,total,0.0364418,total0,0.480213,false,0.011251,over,0.0364418,false0,0.148261,over0,0.480213,overaggr,0.0356523,overcuckoo,0.00078946,over_ai,0.00750501,over_ai,0.121452,over_ai,0.0096108,over_ai,0.124873,countIP,6.50346e+09,countIP0,9.28804e+09,keysum,6.2748e+09,pktSum,2.65987e+10,aggrSum,2.23711e+08,blackkey_num,290812569,feedback,166,feedsumportion,0.921069,finger0,9,finger,15,time,26927
line,1171152,total,0.0361426,total0,0.486299,false,0.011176,over,0.0361426,false0,0.150373,over0,0.486299,overaggr,0.0353521,overcuckoo,0.000790484,over_ai,0.00761329,over_ai,0.118371,over_ai,0.00966458,over_ai,0.121904,countIP,6.67295e+09,countIP0,9.57205e+09,keysum,6.44019e+09,pktSum,2.72675e+10,aggrSum,2.27682e+08,blackkey_num,301377899,feedback,157,feedsumportion,0.862662,finger0,9,finger,15,time,24486
line,1180000,total,0.0354686,total0,0.477074,false,0.0111422,over,0.0354686,false0,0.14987,over0,0.477074,overaggr,0.034693,overcuckoo,0.000775635,over_ai,0.00741436,over_ai,0.117551,over_ai,0.00943061,over_ai,0.121114,countIP,6.81308e+09,countIP0,9.71871e+09,keysum,6.57971e+09,pktSum,2.75246e+10,aggrSum,2.28269e+08,blackkey_num,302427838,feedback,157,feedsumportion,0.862662,finger0,9,finger,15,time,24486
line,1190088,total,0.0354607,total0,0.479109,false,0.0110052,over,0.0354607,false0,0.148691,over0,0.479109,overaggr,0.0346808,overcuckoo,0.000779957,over_ai,0.00741401,over_ai,0.11756,over_ai,0.00942937,over_ai,0.121123,countIP,6.81542e+09,countIP0,9.73552e+09,keysum,6.58202e+09,pktSum,2.77905e+10,aggrSum,2.28269e+08,blackkey_num,302454710,feedback,165,feedsumportion,0.817821,finger0,9,finger,15,time,24754
line,1220000,total,0.0349052,total0,0.475359,false,0.01099,over,0.0349052,false0,0.149668,over0,0.475359,overaggr,0.0341367,overcuckoo,0.000768449,over_ai,0.00738028,over_ai,0.116944,over_ai,0.00931797,over_ai,0.120467,countIP,7.06786e+09,countIP0,1.00759e+10,keysum,6.82947e+09,pktSum,2.85204e+10,aggrSum,2.33136e+08,blackkey_num,312555516,feedback,165,feedsumportion,0.817821,finger0,9,finger,15,time,24754
line,1275560,total,0.0348335,total0,0.475899,false,0.0109368,over,0.0348335,false0,0.14942,over0,0.475899,overaggr,0.034068,overcuckoo,0.000765447,over_ai,0.00771174,over_ai,0.115155,over_ai,0.00954969,over_ai,0.118641,countIP,7.36924e+09,countIP0,1.05101e+10,keysum,7.12119e+09,pktSum,2.9802e+10,aggrSum,2.42605e+08,blackkey_num,325921986,feedback,164,feedsumportion,0.893994,finger0,9,finger,15,time,24367
line,1280000,total,0.034782,total0,0.475497,false,0.0109188,over,0.034782,false0,0.149269,over0,0.475497,overaggr,0.0340155,overcuckoo,0.000766531,over_ai,0.00771517,over_ai,0.114088,over_ai,0.00955287,over_ai,0.117618,countIP,7.38513e+09,countIP0,1.05305e+10,keysum,7.13689e+09,pktSum,2.98715e+10,aggrSum,2.42765e+08,blackkey_num,326204031,feedback,164,feedsumportion,0.893994,finger0,9,finger,15,time,24367
line,1290000,total,0.0347945,total0,0.475356,false,0.0108686,over,0.0347945,false0,0.148485,over0,0.475356,overaggr,0.0340284,overcuckoo,0.000766084,over_ai,0.00773614,over_ai,0.113613,over_ai,0.00956987,over_ai,0.117152,countIP,7.40472e+09,countIP0,1.05573e+10,keysum,7.15574e+09,pktSum,3.0064e+10,aggrSum,2.43499e+08,blackkey_num,327717895,feedback,166,feedsumportion,0.883401,finger0,9,finger,15,time,26011
line,1310000,total,0.0345753,total0,0.478713,false,0.0108111,over,0.0345753,false0,0.149686,over0,0.478713,overaggr,0.0338118,overcuckoo,0.000763431,over_ai,0.0078206,over_ai,0.113412,over_ai,0.00961499,over_ai,0.116939,countIP,7.52148e+09,countIP0,1.07504e+10,keysum,7.27011e+09,pktSum,3.05208e+10,aggrSum,2.45816e+08,blackkey_num,336612206,feedback,166,feedsumportion,0.883401,finger0,9,finger,15,time,26011
line,1346274,total,0.0343647,total0,0.478377,false,0.0107393,over,0.0343647,false0,0.149497,over0,0.478377,overaggr,0.0336117,overcuckoo,0.000752985,over_ai,0.00777475,over_ai,0.112095,over_ai,0.00952949,over_ai,0.115598,countIP,7.71967e+09,countIP0,1.10334e+10,keysum,7.4632e+09,pktSum,3.13448e+10,aggrSum,2.50856e+08,blackkey_num,339664406,feedback,170,feedsumportion,0.878045,finger0,9,finger,15,time,26473
line,1370000,total,0.0338876,total0,0.466916,false,0.0107503,over,0.0338876,false0,0.148121,over0,0.466916,overaggr,0.0330952,overcuckoo,0.000792336,over_ai,0.00769438,over_ai,0.11209,over_ai,0.00939188,over_ai,0.115533,countIP,7.96676e+09,countIP0,1.13035e+10,keysum,7.70564e+09,pktSum,3.19958e+10,aggrSum,2.5502e+08,blackkey_num,347357766,feedback,170,feedsumportion,0.878045,finger0,9,finger,15,time,26473
line,1380000,total,0.0340115,total0,0.467222,false,0.0107551,over,0.0340115,false0,0.147745,over0,0.467222,overaggr,0.0330588,overcuckoo,0.000952717,over_ai,0.00769753,over_ai,0.111495,over_ai,0.00939482,over_ai,0.11493,countIP,7.99339e+09,countIP0,1.13423e+10,keysum,7.73046e+09,pktSum,3.2177e+10,aggrSum,2.5556e+08,blackkey_num,347698941,feedback,170,feedsumportion,0.878045,finger0,9,finger,15,time,26473
line,1390000,total,0.0341112,total0,0.4673,false,0.0107392,over,0.0341112,false0,0.147119,over0,0.4673,overaggr,0.033159,overcuckoo,0.000952151,over_ai,0.00770501,over_ai,0.111388,over_ai,0.00939976,over_ai,0.114803,countIP,8.01615e+09,countIP0,1.13741e+10,keysum,7.75173e+09,pktSum,3.23738e+10,aggrSum,2.5704e+08,blackkey_num,349454032,feedback,168,feedsumportion,0.867791,finger0,9,finger,15,time,24709
line,1410000,total,0.0337668,total0,0.470688,false,0.0106121,over,0.0337668,false0,0.147925,over0,0.470688,overaggr,0.0328219,overcuckoo,0.000944901,over_ai,0.00769666,over_ai,0.110861,over_ai,0.00936557,over_ai,0.114294,countIP,8.12011e+09,countIP0,1.15521e+10,keysum,7.85487e+09,pktSum,3.28485e+10,aggrSum,2.57812e+08,blackkey_num,356435904,feedback,168,feedsumportion,0.867791,finger0,9,finger,15,time,24709
line,1440000,total,0.033416,total0,0.471223,false,0.0105277,over,0.033416,false0,0.148458,over0,0.471223,overaggr,0.032481,overcuckoo,0.000935018,over_ai,0.00757451,over_ai,0.109018,over_ai,0.00921485,over_ai,0.112459,countIP,8.31863e+09,countIP0,1.18428e+10,keysum,8.04965e+09,pktSum,3.36001e+10,aggrSum,2.6146e+08,blackkey_num,361602772,feedback,162,feedsumportion,0.819721,finger0,9,finger,15,time,25946
line,1450000,total,0.0332014,total0,0.468607,false,0.0105116,over,0.0332014,false0,0.148362,over0,0.468607,overaggr,0.0322732,overcuckoo,0.000928205,over_ai,0.00760771,over_ai,0.109027,over_ai,0.00922598,over_ai,0.112467,countIP,8.39541e+09,countIP0,1.19333e+10,keysum,8.12562e+09,pktSum,3.37907e+10,aggrSum,2.6224e+08,blackkey_num,363194298,feedback,162,feedsumportion,0.819721,finger0,9,finger,15,time,25946
line,1460000,total,0.0332596,total0,0.467686,false,0.0105146,over,0.0332596,false0,0.147854,over0,0.467686,overaggr,0.0323332,overcuckoo,0.000926368,over_ai,0.00762607,over_ai,0.109142,over_ai,0.00923571,over_ai,0.112553,countIP,8.43802e+09,countIP0,1.19857e+10,keysum,8.16641e+09,pktSum,3.39981e+10,aggrSum,2.64046e+08,blackkey_num,368388163,feedback,162,feedsumportion,0.819721,finger0,9,finger,15,time,25946
line,1490000,total,0.0327555,total0,0.469537,false,0.0103549,over,0.0327555,false0,0.148433,over0,0.469537,overaggr,0.031835,overcuckoo,0.000920463,over_ai,0.00753176,over_ai,0.106366,over_ai,0.00911845,over_ai,0.109837,countIP,8.61167e+09,countIP0,1.22538e+10,keysum,8.33854e+09,pktSum,3.47158e+10,aggrSum,2.65458e+08,blackkey_num,371023842,feedback,164,feedsumportion,0.799393,finger0,9,finger,15,time,26107
line,1490610,total,0.0327496,total0,0.469521,false,0.010353,over,0.0327496,false0,0.148427,over0,0.469521,overaggr,0.0318293,overcuckoo,0.000920296,over_ai,0.00753008,over_ai,0.106366,over_ai,0.00911649,over_ai,0.109837,countIP,8.61322e+09,countIP0,1.22559e+10,keysum,8.34009e+09,pktSum,3.47224e+10,aggrSum,2.6546e+08,blackkey_num,371023842,feedback,164,feedsumportion,0.799393,finger0,9,finger,15,time,26107
line,1520000,total,0.0323875,total0,0.461574,false,0.0103481,over,0.0323875,false0,0.147476,over0,0.461574,overaggr,0.03147,overcuckoo,0.000917561,over_ai,0.0076344,over_ai,0.105888,over_ai,0.00916425,over_ai,0.109305,countIP,8.85955e+09,countIP0,1.25427e+10,keysum,8.58161e+09,pktSum,3.54405e+10,aggrSum,2.70063e+08,blackkey_num,379523391,feedback,164,feedsumportion,0.799393,finger0,9,finger,15,time,26107
line,1540000,total,0.0326047,total0,0.469227,false,0.0103382,over,0.0326047,false0,0.148781,over0,0.469227,overaggr,0.0316782,overcuckoo,0.000926487,over_ai,0.0076766,over_ai,0.105287,over_ai,0.009202,over_ai,0.108652,countIP,8.91146e+09,countIP0,1.26795e+10,keysum,8.63007e+09,pktSum,3.58477e+10,aggrSum,2.73385e+08,blackkey_num,382259539,feedback,162,feedsumportion,0.896878,finger0,9,finger,15,time,27161
line,1550000,total,0.0325706,total0,0.466477,false,0.0103753,over,0.0325706,false0,0.148596,over0,0.466477,overaggr,0.0316505,overcuckoo,0.000920136,over_ai,0.00792929,over_ai,0.105258,over_ai,0.00942224,over_ai,0.108623,countIP,8.99069e+09,countIP0,1.27688e+10,keysum,8.7071e+09,pktSum,3.60407e+10,aggrSum,2.75584e+08,blackkey_num,385963101,feedback,162,feedsumportion,0.896878,finger0,9,finger,15,time,27161
line,1580000,total,0.0322676,total0,0.46212,false,0.0103054,over,0.0322676,false0,0.147588,over0,0.46212,overaggr,0.0312657,overcuckoo,0.00100184,over_ai,0.00792784,over_ai,0.103012,over_ai,0.00939322,over_ai,0.106374,countIP,9.18656e+09,countIP0,1.3012e+10,keysum,8.8994e+09,pktSum,3.67646e+10,aggrSum,2.78246e+08,blackkey_num,390573699,feedback,162,feedsumportion,0.896878,finger0,9,finger,15,time,27161
line,1629639,total,0.03251,total0,0.462575,false,0.0103807,over,0.03251,false0,0.147704,over0,0.462575,overaggr,0.0314393,overcuckoo,0.00107072,over_ai,0.0084988,over_ai,0.102675,over_ai,0.00988697,over_ai,0.105967,countIP,9.47245e+09,countIP0,1.3418e+10,keysum,9.17419e+09,pktSum,3.79057e+10,aggrSum,2.8843e+08,blackkey_num,401057320,feedback,174,feedsumportion,0.854021,finger0,9,finger,15,time,27060
line,1640000,total,0.0325139,total0,0.468983,false,0.0103168,over,0.0325139,false0,0.14881,over0,0.468983,overaggr,0.0314442,overcuckoo,0.00106973,over_ai,0.00855283,over_ai,0.102556,over_ai,0.00993547,over_ai,0.105853,countIP,9.48849e+09,countIP0,1.34995e+10,keysum,9.1897e+09,pktSum,3.81514e+10,aggrSum,2.88963e+08,blackkey_num,401820913,feedback,169,feedsumportion,0.924867,finger0,9,finger,15,time,27072
line,1690000,total,0.0329063,total0,0.469609,false,0.0104908,over,0.0329063,false0,0.149715,over0,0.469609,overaggr,0.0318323,overcuckoo,0.00107402,over_ai,0.0089266,over_ai,0.102387,over_ai,0.0102463,over_ai,0.105591,countIP,9.82179e+09,countIP0,1.39743e+10,keysum,9.50889e+09,pktSum,3.93352e+10,aggrSum,3.0269e+08,blackkey_num,408817017,feedback,169,feedsumportion,0.93198,finger0,9,finger,15,time,29561
line,1700000,total,0.0330366,total0,0.466911,false,0.0105704,over,0.0330366,false0,0.149393,over0,0.466911,overaggr,0.0319701,overcuckoo,0.00106649,over_ai,0.00937202,over_ai,0.102242,over_ai,0.0106541,over_ai,0.10545,countIP,9.90389e+09,countIP0,1.40635e+10,keysum,9.58716e+09,pktSum,3.95509e+10,aggrSum,3.06503e+08,blackkey_num,414702041,feedback,169,feedsumportion,0.93198,finger0,9,finger,15,time,29561
line,1720000,total,0.0331082,total0,0.460797,false,0.0106701,over,0.0331082,false0,0.148506,over0,0.460797,overaggr,0.0320399,overcuckoo,0.00106832,over_ai,0.0095718,over_ai,0.101951,over_ai,0.0108192,over_ai,0.105113,countIP,1.00967e+10,countIP0,1.42766e+10,keysum,9.77316e+09,pktSum,4.00982e+10,aggrSum,3.13131e+08,blackkey_num,422212190,feedback,169,feedsumportion,0.93198,finger0,9,finger,15,time,29561
line,1746070,total,0.0329372,total0,0.467197,false,0.0105985,over,0.0329372,false0,0.150334,over0,0.467197,overaggr,0.0318759,overcuckoo,0.00106131,over_ai,0.00971771,over_ai,0.100212,over_ai,0.0109438,over_ai,0.103402,countIP,1.0226e+10,countIP0,1.45252e+10,keysum,9.89997e+09,pktSum,4.06664e+10,aggrSum,3.15572e+08,blackkey_num,423891996,feedback,164,feedsumportion,0.932642,finger0,9,finger,15,time,27685
line,1750000,total,0.0330325,total0,0.467277,false,0.0106198,over,0.0330325,false0,0.150227,over0,0.467277,overaggr,0.0319707,overcuckoo,0.00106188,over_ai,0.00985764,over_ai,0.10011,over_ai,0.011076,over_ai,0.103301,countIP,1.02332e+10,countIP0,1.45348e+10,keysum,9.90596e+09,pktSum,4.07182e+10,aggrSum,3.167e+08,blackkey_num,426576658,feedback,164,feedsumportion,0.932642,finger0,9,finger,15,time,27685
line,1760000,total,0.0332428,total0,0.464481,false,0.0107323,over,0.0332428,false0,0.149956,over0,0.464481,overaggr,0.0320086,overcuckoo,0.0012342,over_ai,0.0100387,over_ai,0.100659,over_ai,0.0112363,over_ai,0.103798,countIP,1.03269e+10,countIP0,1.46369e+10,keysum,9.99461e+09,pktSum,4.09524e+10,aggrSum,3.19914e+08,blackkey_num,429425142,feedback,164,feedsumportion,0.932642,finger0,9,finger,15,time,27685
line,1770000,total,0.0330037,total0,0.461896,false,0.0106751,over,0.0330037,false0,0.149401,over0,0.461896,overaggr,0.0317678,overcuckoo,0.00123585,over_ai,0.00995698,over_ai,0.10024,over_ai,0.0111474,over_ai,0.103384,countIP,1.04126e+10,countIP0,1.47359e+10,keysum,1.008e+10,pktSum,4.12438e+10,aggrSum,3.20219e+08,blackkey_num,429465733,feedback,164,feedsumportion,0.932642,finger0,9,finger,15,time,27685
